[{
  "_id": {
    "$oid": "61f5753539c374a91440ad64"
  },
  "nomauteur": "Romain Rissouan",
  "email": "Romain@yahoo.fr",
  "numtel": "29123456"
},
{
  "_id": {
    "$oid": "61f7ef200fccc90df51599b9"
  },
  "nomauteur": "Emmanuel Jakobowicz",
  "email": "EmmanuelJakobowicz@gmail.com",
  "numtel": "98123456"
},
{
  "_id": {
    "$oid": "6520773eeea4b481ee431213"
  },
  "nomauteur": "Stephan Roth",
  "email": "Stephan@gmail.com",
  "numtel": "475213456"
},
{
  "_id": {
    "$oid": "65207874eea4b481ee431216"
  },
  "nomauteur": "Julien Guillod",
  "email": "EmmanuelJakobowicz@gmail.com",
  "numtel": "28574528"
},
{
  "_id": {
    "$oid": "652078b9eea4b481ee431217"
  },
  "nomauteur": "Cavier Chanet",
  "email": "Xavier@gmail.com",
  "numtel": "28574528"
},
{
  "_id": {
    "$oid": "652078ebeea4b481ee431218"
  },
  "nomauteur": "Patrick vert",
  "email": "Pvert@gmail.com",
  "numtel": "48574528"
},
{
  "_id": {
    "$oid": "65207921eea4b481ee431219"
  },
  "nomauteur": "Eric Sarrion",
  "email": "Eric@gmail.com",
  "numtel": "14574528"
},
{
  "_id": {
    "$oid": "65207962eea4b481ee43121a"
  },
  "nomauteur": "Alexandra Martin",
  "email": "Martin@gmail.com",
  "numtel": "47854528"
},
{
  "_id": {
    "$oid": "652079c9eea4b481ee43121b"
  },
  "nomauteur": "Stanislas Chaillou",
  "email": "Stanislas@gmail.com",
  "numtel": "48954528"
},
{
  "_id": {
    "$oid": "65207a28eea4b481ee43121c"
  },
  "nomauteur": "Patrick Wampe",
  "email": "patrick@gmail.com",
  "numtel": "788954528"
},
{
  "_id": {
    "$oid": "65207a96eea4b481ee43121d"
  },
  "nomauteur": "Jean Philippe",
  "email": "Jean@gmail.com",
  "numtel": "85442412"
},
{
  "_id": {
    "$oid": "65207af4eea4b481ee43121e"
  },
  "nomauteur": "Hérvé  Le Morvan",
  "email": "Morvan@gmail.com",
  "numtel": "87442412"
},
{
  "_id": {
    "$oid": "65207b3beea4b481ee43121f"
  },
  "nomauteur": "Olivier Hurtle",
  "email": "Olivier@gmail.com",
  "numtel": "87542412"
},
{
  "_id": {
    "$oid": "65207ba5eea4b481ee431220"
  },
  "nomauteur": "Ludovic Roland",
  "email": "Ludovic@gmail.com",
  "numtel": "87442412"
},
{
  "_id": {
    "$oid": "65207be7eea4b481ee431221"
  },
  "nomauteur": "Yoann GUACHARD",
  "email": "Yoann@gmail.com",
  "numtel": "2354685"
},
{
  "_id": {
    "$oid": "65207c32eea4b481ee431222"
  },
  "nomauteur": "Brice Arneaud Guerin",
  "email": "Brice@gmail.com",
  "numtel": "2754685"
},
{
  "_id": {
    "$oid": "65207cb0eea4b481ee431223"
  },
  "nomauteur": "Hervé Boiscontier",
  "email": "Hervé@gmail.com",
  "numtel": "27454685"
},
{
  "_id": {
    "$oid": "65207cffeea4b481ee431224"
  },
  "nomauteur": "Jacque Poureer",
  "email": "Jacque@gmail.com",
  "numtel": "125685"
},
{
  "_id": {
    "$oid": "65207d3eeea4b481ee431225"
  },
  "nomauteur": "Jenome Gabillaud",
  "email": "JenomeGab@gmail.com",
  "numtel": "32545874"
},
{
  "_id": {
    "$oid": "65207d69eea4b481ee431226"
  },
  "nomauteur": "DAVID Chaplin",
  "email": "Chaplin@gmail.com",
  "numtel": "98745874"
},
{
  "_id": {
    "$oid": "65207dbdeea4b481ee431227"
  },
  "nomauteur": "Bilal AMARNI",
  "email": "AMARNI@gmail.com",
  "numtel": "212548"
},
{
  "_id": {
    "$oid": "65207de6eea4b481ee431228"
  },
  "nomauteur": "Etienne  Langlet",
  "email": "Langlet@gmail.com",
  "numtel": "757575757"
}]