[{
  "_id": {
    "$oid": "61fbd1711a21b9b97263c1bc"
  },
  "isbn": "42368756",
  "titre": "ReactJS",
  "annedition": 2021,
  "prix": 33,
  "qtestock": 0,
  "couverture": "https://res-console.cloudinary.com/esps/thumbnails/v1/image/upload/v1696624013/YmlibGlvdGhlcXVlLzk3ODIyMTI2Nzc1NjBfaW50ZXJuZXRfdzI5MF9kM2UxNnE=/preview",
  "specialite": {
    "$oid": "61f7bafca24ce52bccf1dd22"
  },
  "maised": {
    "$oid": "61f7b1fe99e38381069d7571"
  },
  "auteurs": [
    {
      "$oid": "65207921eea4b481ee431219"
    }
  ]
},
{
  "_id": {
    "$oid": "61fbd23b1a21b9b97263c1c5"
  },
  "isbn": "123698745",
  "titre": "WordPress",
  "annedition": 2020,
  "prix": 55,
  "qtestock": 4,
  "couverture": "https://res-console.cloudinary.com/esps/thumbnails/v1/image/upload/v1696624132/YmlibGlvdGhlcXVlLzk3ODI0MTIwNjg3NjJfaW50ZXJuZXRfdzI5MF9ta29raTg=/preview",
  "specialite": {
    "$oid": "61f7bb1aa24ce52bccf1dd24"
  },
  "maised": {
    "$oid": "61f7ef3e0fccc90df51599bb"
  },
  "auteurs": [
    {
      "$oid": "61f7ef200fccc90df51599b9"
    },
    {
      "$oid": "61f5753539c374a91440ad64"
    }
  ]
},
{
  "_id": {
    "$oid": "61fd4953274b510bd944ee3b"
  },
  "isbn": "54894",
  "titre": "Techniques de Référencement Web",
  "annedition": 2020,
  "prix": 55,
  "qtestock": 0,
  "couverture": "https://res-console.cloudinary.com/esps/thumbnails/v1/image/upload/v1696624190/YmlibGlvdGhlcXVlLzk3ODIyMTI2Nzk4NjFfaW50ZXJuZXRfdzI5MF9lZmR4ZHI=/preview",
  "specialite": {
    "$oid": "61f7bafca24ce52bccf1dd22"
  },
  "maised": {
    "$oid": "61f7b1fe99e38381069d7571"
  },
  "auteurs": [
    {
      "$oid": "65207962eea4b481ee43121a"
    }
  ]
},
{
  "_id": {
    "$oid": "61fd54a9fa43840958f71ff6"
  },
  "isbn": "5464sf",
  "titre": "VueJS",
  "annedition": 2020,
  "prix": 20,
  "qtestock": 18,
  "couverture": "https://res-console.cloudinary.com/esps/thumbnails/v1/image/upload/v1696624227/YmlibGlvdGhlcXVlLzk3ODI0MDkwMjk0MjRfaW50ZXJuZXRfdzI5MF9oajJza2o=/preview",
  "specialite": {
    "$oid": "61f7bafca24ce52bccf1dd22"
  },
  "maised": {
    "$oid": "61f7ef3e0fccc90df51599bb"
  },
  "auteurs": [
    {
      "$oid": "65207be7eea4b481ee431221"
    }
  ]
},
{
  "_id": {
    "$oid": "6200fc6dc0d1aa81e5de51a2"
  },
  "isbn": "65465445",
  "titre": "JAVA Spring",
  "annedition": 2020,
  "prix": 50,
  "qtestock": 0,
  "couverture": "https://res-console.cloudinary.com/esps/thumbnails/v1/image/upload/v1696624286/YmlibGlvdGhlcXVlLzk3ODI0MDkwMjg2NDlfaW50ZXJuZXRfdzI5MF9zaTZ6dm0=/preview",
  "specialite": {
    "$oid": "61f7bafca24ce52bccf1dd22"
  },
  "maised": {
    "$oid": "61f7ef3e0fccc90df51599bb"
  },
  "auteurs": [
    {
      "$oid": "65207af4eea4b481ee43121e"
    }
  ]
},
{
  "_id": {
    "$oid": "6200fc97c0d1aa81e5de51ac"
  },
  "isbn": "54656514168",
  "titre": "TypeScript React",
  "annedition": 2019,
  "prix": 60,
  "qtestock": 6,
  "couverture": "https://res-console.cloudinary.com/esps/thumbnails/v1/image/upload/v1696624345/YmlibGlvdGhlcXVlL3R5dXBlc2NyaXB0cmVhY3RfamFpbTZ2/preview",
  "specialite": {
    "$oid": "61f7bafca24ce52bccf1dd22"
  },
  "maised": {
    "$oid": "61f7b1fe99e38381069d7571"
  },
  "auteurs": [
    {
      "$oid": "61f7ef200fccc90df51599b9"
    }
  ]
},
{
  "_id": {
    "$oid": "6200fccfc0d1aa81e5de51b1"
  },
  "isbn": "684984684",
  "titre": "React",
  "annedition": 2018,
  "prix": 40,
  "qtestock": 4,
  "couverture": "https://res-console.cloudinary.com/esps/thumbnails/v1/image/upload/v1696624409/YmlibGlvdGhlcXVlL3JlYWN0d2ViX3d2a2gxaw==/preview",
  "specialite": {
    "$oid": "61f7bafca24ce52bccf1dd22"
  },
  "maised": {
    "$oid": "61f7ef3e0fccc90df51599bb"
  },
  "auteurs": [
    {
      "$oid": "61f5753539c374a91440ad64"
    }
  ]
},
{
  "_id": {
    "$oid": "6200fd0cc0d1aa81e5de51b7"
  },
  "isbn": "5646486",
  "titre": "L'intelligence artificelle au service de l'architecture",
  "annedition": 2020,
  "prix": 70,
  "qtestock": 4,
  "couverture": "https://res-console.cloudinary.com/esps/thumbnails/v1/image/upload/v1696624448/YmlibGlvdGhlcXVlLzk3ODIyODExNDQ4NTdfaW50ZXJuZXRfdzI5MF9tZjhvbzA=/preview",
  "specialite": {
    "$oid": "61f7bafca24ce52bccf1dd22"
  },
  "maised": {
    "$oid": "65207fc3eea4b481ee43122e"
  },
  "auteurs": [
    {
      "$oid": "652079c9eea4b481ee43121b"
    }
  ]
},
{
  "_id": {
    "$oid": "6200fd5cc0d1aa81e5de51bd"
  },
  "isbn": "123987",
  "titre": "Stratégie Big Data",
  "annedition": 2019,
  "prix": 80,
  "qtestock": 4,
  "couverture": "https://res-console.cloudinary.com/esps/thumbnails/v1/image/upload/v1696624507/YmlibGlvdGhlcXVlLzk3ODIxMDA3Nzg5ODBfaW50ZXJuZXRfdzI5MF9hOXJpYW8=/preview",
  "specialite": {
    "$oid": "61f7bafca24ce52bccf1dd22"
  },
  "maised": {
    "$oid": "65207f07eea4b481ee43122d"
  },
  "auteurs": [
    {
      "$oid": "61f5753539c374a91440ad64"
    }
  ]
},
{
  "_id": {
    "$oid": "6200feb5c0d1aa81e5de51cc"
  },
  "isbn": "78412547",
  "titre": "Progressive Web App",
  "annedition": 2019,
  "prix": 20,
  "qtestock": 0,
  "couverture": "https://res-console.cloudinary.com/esps/thumbnails/v1/image/upload/v1696624573/YmlibGlvdGhlcXVlL3dlYmFwcF91andvZmQ=/preview",
  "specialite": {
    "$oid": "61f7bb1aa24ce52bccf1dd24"
  },
  "maised": {
    "$oid": "61f7b1fe99e38381069d7571"
  },
  "auteurs": [
    {
      "$oid": "61f5753539c374a91440ad64"
    }
  ]
},
{
  "_id": {
    "$oid": "6200fedac0d1aa81e5de51d6"
  },
  "isbn": "654698494",
  "titre": "Agilité",
  "annedition": 2019,
  "prix": 20,
  "qtestock": 0,
  "couverture": "https://res-console.cloudinary.com/esps/thumbnails/v1/image/upload/v1696624610/YmlibGlvdGhlcXVlLzk3ODI4MTA0MzE2OTRfaW50ZXJuZXRfdzI5MF95MWFyZGY=/preview",
  "specialite": {
    "$oid": "61f7bafca24ce52bccf1dd22"
  },
  "maised": {
    "$oid": "61f7b1fe99e38381069d7571"
  },
  "auteurs": [
    {
      "$oid": "61f7ef200fccc90df51599b9"
    }
  ]
},
{
  "_id": {
    "$oid": "6200ff03c0d1aa81e5de51db"
  },
  "isbn": "5498484",
  "titre": "Programmation Python par la pratique",
  "annedition": 2020,
  "prix": 30,
  "qtestock": 3,
  "couverture": "https://res-console.cloudinary.com/esps/thumbnails/v1/image/upload/v1696624745/YmlibGlvdGhlcXVlLzk3ODIxMDA4MTIyNDBfaW50ZXJuZXRfdzI5MF9jMWdnZWM=/preview",
  "specialite": {
    "$oid": "61f7bafca24ce52bccf1dd22"
  },
  "maised": {
    "$oid": "65207f07eea4b481ee43122d"
  },
  "auteurs": [
    {
      "$oid": "65207874eea4b481ee431216"
    }
  ]
},
{
  "_id": {
    "$oid": "62010065a14f7cdc68502e3e"
  },
  "isbn": "42368756",
  "titre": "Python et Datascience",
  "annedition": 2021,
  "prix": 33,
  "qtestock": 13,
  "couverture": "https://res-console.cloudinary.com/esps/thumbnails/v1/image/upload/v1696624745/YmlibGlvdGhlcXVlLzk3ODIxMDA4MTIyNDBfaW50ZXJuZXRfdzI5MF9jMWdnZWM=/preview",
  "specialite": {
    "$oid": "61f7bafca24ce52bccf1dd22"
  },
  "maised": {
    "$oid": "65207f07eea4b481ee43122d"
  },
  "auteurs": [
    {
      "$oid": "61f7ef200fccc90df51599b9"
    }
  ]
},
{
  "_id": {
    "$oid": "62010076a14f7cdc68502e40"
  },
  "isbn": "42368756",
  "titre": "C++",
  "annedition": 2021,
  "prix": 20,
  "qtestock": 11,
  "couverture": "https://res-console.cloudinary.com/esps/thumbnails/v1/image/upload/v1696624843/YmlibGlvdGhlcXVlLzk3ODI0MDkwMzAyMDhfaW50ZXJuZXRfdzI5MF94YTFndTg=/preview",
  "specialite": {
    "$oid": "61f7bafca24ce52bccf1dd22"
  },
  "maised": {
    "$oid": "61f7ef3e0fccc90df51599bb"
  },
  "auteurs": [
    {
      "$oid": "65207c32eea4b481ee431222"
    }
  ]
},
{
  "_id": {
    "$oid": "6201007fa14f7cdc68502e42"
  },
  "isbn": "42368756",
  "titre": "Symfony 4",
  "annedition": 2021,
  "prix": 50,
  "qtestock": 10,
  "couverture": "https://res-console.cloudinary.com/esps/thumbnails/v1/image/upload/v1696624892/YmlibGlvdGhlcXVlLzk3ODI0MDkwMzE1ODhfaW50ZXJuZXRfdzI5MF9tZjNyZG0=/preview",
  "specialite": {
    "$oid": "61f7bafca24ce52bccf1dd22"
  },
  "maised": {
    "$oid": "61f7ef3e0fccc90df51599bb"
  },
  "auteurs": [
    {
      "$oid": "65207dbdeea4b481ee431227"
    },
    {
      "$oid": "65207de6eea4b481ee431228"
    }
  ]
},
{
  "_id": {
    "$oid": "652072adeea4b481ee431202"
  },
  "isbn": "2458741235411",
  "titre": "Clean C++",
  "annedition": 2021,
  "prix": 50,
  "qtestock": 10,
  "couverture": "https://res-console.cloudinary.com/esps/thumbnails/v1/image/upload/v1696625254/YmlibGlvdGhlcXVlLzk3ODE0ODQyNTk0ODFfaW50ZXJuZXRfdzI5MF9odDV5aWs=/preview",
  "specialite": {
    "$oid": "61f7bafca24ce52bccf1dd22"
  },
  "maised": {
    "$oid": "65207ed2eea4b481ee43122a"
  },
  "auteurs": [
    {
      "$oid": "6520773eeea4b481ee431213"
    }
  ]
},
{
  "_id": {
    "$oid": "652072e9eea4b481ee431203"
  },
  "isbn": "14458741235411",
  "titre": "Mathématique pour l'informatique",
  "annedition": 2021,
  "prix": 50,
  "qtestock": 10,
  "couverture": "https://res-console.cloudinary.com/esps/thumbnails/v1/image/upload/v1696625254/YmlibGlvdGhlcXVlLzk3ODE0ODQyNTk0ODFfaW50ZXJuZXRfdzI5MF9odDV5aWs=/preview",
  "specialite": {
    "$oid": "61f7bafca24ce52bccf1dd22"
  },
  "maised": {
    "$oid": "65207f07eea4b481ee43122d"
  },
  "auteurs": [
    {
      "$oid": "652078b9eea4b481ee431217"
    },
    {
      "$oid": "652078ebeea4b481ee431218"
    }
  ]
},
{
  "_id": {
    "$oid": "6520731beea4b481ee431204"
  },
  "isbn": "411868756",
  "titre": "Docker",
  "annedition": 2020,
  "prix": 33,
  "qtestock": 0,
  "couverture": "https://res-console.cloudinary.com/esps/thumbnails/v1/image/upload/v1696625399/YmlibGlvdGhlcXVlLzk3ODI0MDkwMjg1ODhfaW50ZXJuZXRfdzI5MF9jZHMzYjg=/preview",
  "specialite": {
    "$oid": "61f7bafca24ce52bccf1dd22"
  },
  "maised": {
    "$oid": "61f7ef3e0fccc90df51599bb"
  },
  "auteurs": [
    {
      "$oid": "65207a96eea4b481ee43121d"
    }
  ]
},
{
  "_id": {
    "$oid": "6520734eeea4b481ee431205"
  },
  "isbn": "543214894",
  "titre": "Angular Nodejs",
  "annedition": 2023,
  "prix": 55,
  "qtestock": 0,
  "couverture": "https://res-console.cloudinary.com/esps/thumbnails/v1/image/upload/v1696625452/YmlibGlvdGhlcXVlLzk3ODI0MDkwMjc4NjRfaW50ZXJuZXRfdzI5MF9zeGx4YXk=/preview",
  "specialite": {
    "$oid": "61f7bafca24ce52bccf1dd22"
  },
  "maised": {
    "$oid": "61f7ef3e0fccc90df51599bb"
  },
  "auteurs": [
    {
      "$oid": "61f5753539c374a91440ad64"
    }
  ]
},
{
  "_id": {
    "$oid": "65207388eea4b481ee431206"
  },
  "isbn": "54231294",
  "titre": "Kotlin",
  "annedition": 64,
  "prix": 55,
  "qtestock": 10,
  "couverture": "https://res-console.cloudinary.com/esps/thumbnails/v1/image/upload/v1696625507/YmlibGlvdGhlcXVlLzk3ODI0MDkwMjkxNThfaW50ZXJuZXRfdzI5MF9vYmRmcWo=/preview",
  "specialite": {
    "$oid": "61f7bafca24ce52bccf1dd22"
  },
  "maised": {
    "$oid": "61f7ef3e0fccc90df51599bb"
  },
  "auteurs": [
    {
      "$oid": "65207ba5eea4b481ee431220"
    }
  ]
},
{
  "_id": {
    "$oid": "652073cfeea4b481ee431207"
  },
  "isbn": "42222368756",
  "titre": "PHP8",
  "annedition": 2020,
  "prix": 85,
  "qtestock": 6,
  "couverture": "https://res-console.cloudinary.com/esps/thumbnails/v1/image/upload/v1696625571/YmlibGlvdGhlcXVlLzk3ODI0MDkwMzA2MzVfaW50ZXJuZXRfdzI5MF92OXg1cmQ=/preview",
  "specialite": {
    "$oid": "61f7bafca24ce52bccf1dd22"
  },
  "maised": {
    "$oid": "61f7ef3e0fccc90df51599bb"
  },
  "auteurs": [
    {
      "$oid": "65207b3beea4b481ee43121f"
    }
  ]
},
{
  "_id": {
    "$oid": "65207405eea4b481ee431208"
  },
  "isbn": "5345465445",
  "titre": "SQL Server",
  "annedition": 2017,
  "prix": 120,
  "qtestock": 8,
  "couverture": "https://res-console.cloudinary.com/esps/thumbnails/v1/image/upload/v1696625626/YmlibGlvdGhlcXVlLzk3ODI0MDkwMzExMzdfaW50ZXJuZXRfdzI5MF9rZ2o3ZmM=/preview",
  "specialite": {
    "$oid": "61f7bafca24ce52bccf1dd22"
  },
  "maised": {
    "$oid": "61f7ef3e0fccc90df51599bb"
  },
  "auteurs": [
    {
      "$oid": "65207cb0eea4b481ee431223"
    },
    {
      "$oid": "65207cffeea4b481ee431224"
    },
    {
      "$oid": "65207d3eeea4b481ee431225"
    }
  ]
},
{
  "_id": {
    "$oid": "6520743ceea4b481ee431209"
  },
  "isbn": "5464sf",
  "titre": "Django",
  "annedition": 2023,
  "prix": 135,
  "qtestock": 15,
  "couverture": "https://res-console.cloudinary.com/esps/thumbnails/v1/image/upload/v1696625679/YmlibGlvdGhlcXVlLzk3ODI0MDkwMjkxMTBfaW50ZXJuZXRfdzI5MF91eXNveTI=/preview",
  "specialite": {
    "$oid": "61f7bafca24ce52bccf1dd22"
  },
  "maised": {
    "$oid": "61f7ef3e0fccc90df51599bb"
  },
  "auteurs": [
    {
      "$oid": "65207b3beea4b481ee43121f"
    }
  ]
},
{
  "_id": {
    "$oid": "65207479eea4b481ee43120a"
  },
  "isbn": "57844894",
  "titre": "HTML XML CSS",
  "annedition": 64,
  "prix": 75,
  "qtestock": 10,
  "couverture": "https://res-console.cloudinary.com/esps/thumbnails/v1/image/upload/v1696625737/YmlibGlvdGhlcXVlLzk3ODI0MTIwNjY4NzRfaW50ZXJuZXRfdzI5MF9qY20waDM=/preview",
  "specialite": {
    "$oid": "61f7bafca24ce52bccf1dd22"
  },
  "maised": {
    "$oid": "61f7ef3e0fccc90df51599bb"
  },
  "auteurs": [
    {
      "$oid": "61f5753539c374a91440ad64"
    }
  ]
},
{
  "_id": {
    "$oid": "652074b0eea4b481ee43120b"
  },
  "isbn": "3165465445",
  "titre": "Oracle 19C",
  "annedition": 2020,
  "prix": 80,
  "qtestock": 5,
  "couverture": "https://res-console.cloudinary.com/esps/thumbnails/v1/image/upload/v1696625798/YmlibGlvdGhlcXVlLzk3ODI0MDkwMjg5NDZfaW50ZXJuZXRfdzI5MF9kbGJ4aG8=/preview",
  "specialite": {
    "$oid": "61f7bafca24ce52bccf1dd22"
  },
  "maised": {
    "$oid": "61f7ef3e0fccc90df51599bb"
  },
  "auteurs": [
    {
      "$oid": "65207b3beea4b481ee43121f"
    }
  ]
},
{
  "_id": {
    "$oid": "652074eaeea4b481ee43120c"
  },
  "isbn": "775646486",
  "titre": "Anabac",
  "annedition": 2022,
  "prix": 70,
  "qtestock": 4,
  "couverture": "https://res-console.cloudinary.com/esps/thumbnails/v1/image/upload/v1696625856/YmlibGlvdGhlcXVlLzk3ODI0MDEwNjQyMThfMV83NV90a21vdG4=/preview",
  "specialite": {
    "$oid": "61f7bafca24ce52bccf1dd22"
  },
  "maised": {
    "$oid": "65207fc3eea4b481ee43122e"
  },
  "auteurs": [
    {
      "$oid": "652079c9eea4b481ee43121b"
    }
  ]
},
{
  "_id": {
    "$oid": "65207530eea4b481ee43120d"
  },
  "isbn": "4742368756",
  "titre": "Conception d'algorithmes",
  "annedition": 2021,
  "prix": 63,
  "qtestock": 10,
  "couverture": "https://res-console.cloudinary.com/esps/thumbnails/v1/image/upload/v1696625922/YmlibGlvdGhlcXVlLzk3ODI0MTYwMDEwMzFfaW50ZXJuZXRfdzI5MF9odmtncHo=/preview",
  "specialite": {
    "$oid": "61f7bafca24ce52bccf1dd22"
  },
  "maised": {
    "$oid": "61f7b1fe99e38381069d7571"
  },
  "auteurs": [
    {
      "$oid": "61f5753539c374a91440ad64"
    },
    {
      "$oid": "61f7ef200fccc90df51599b9"
    }
  ]
},
{
  "_id": {
    "$oid": "6520756aeea4b481ee43120e"
  },
  "isbn": "24587741235411",
  "titre": "Scrum",
  "annedition": 2021,
  "prix": 30,
  "qtestock": 10,
  "couverture": "https://res-console.cloudinary.com/esps/thumbnails/v1/image/upload/v1696625985/YmlibGlvdGhlcXVlLzk3ODI0MDkwMzEzMTFfaW50ZXJuZXRfdzI5MF9keXE2eHA=/preview",
  "specialite": {
    "$oid": "61f7bafca24ce52bccf1dd22"
  },
  "maised": {
    "$oid": "61f7ef3e0fccc90df51599bb"
  },
  "auteurs": [
    {
      "$oid": "65207d69eea4b481ee431226"
    }
  ]
},
{
  "_id": {
    "$oid": "652075afeea4b481ee43120f"
  },
  "isbn": "785454231294",
  "titre": "Java et IONIC",
  "annedition": 64,
  "prix": 85,
  "qtestock": 10,
  "couverture": "https://res-console.cloudinary.com/esps/thumbnails/v1/image/upload/v1696626052/YmlibGlvdGhlcXVlL2phdmFpb25pY19qeGtwdnc=/preview",
  "specialite": {
    "$oid": "61f7bafca24ce52bccf1dd22"
  },
  "maised": {
    "$oid": "61f7ef3e0fccc90df51599bb"
  },
  "auteurs": [
    {
      "$oid": "61f5753539c374a91440ad64"
    }
  ]
},
{
  "_id": {
    "$oid": "6520760feea4b481ee431210"
  },
  "isbn": "982895874587",
  "titre": "Apprendre et développer avec JavaScript",
  "annedition": 2020,
  "prix": 70,
  "qtestock": 4,
  "couverture": "https://res-console.cloudinary.com/esps/thumbnails/v1/image/upload/v1696626116/YmlibGlvdGhlcXVlL2phdmFzY3JpcHRfcWN4cXY4/preview",
  "specialite": {
    "$oid": "61f7bafca24ce52bccf1dd22"
  },
  "maised": {
    "$oid": "61f7ef3e0fccc90df51599bb"
  },
  "auteurs": [
    {
      "$oid": "61f5753539c374a91440ad64"
    }
  ]
}]