[{
  "_id": {
    "$oid": "61f7b1fe99e38381069d7571"
  },
  "maisonedit": "Eyrolles",
  "siteweb": "https://www.eyrolles.com",
  "email": "eyrolles@domain.com"
},
{
  "_id": {
    "$oid": "61f7ef3e0fccc90df51599bb"
  },
  "maisonedit": "ENI",
  "siteweb": "https://www.eni.com",
  "email": "eni@domain.com"
},
{
  "_id": {
    "$oid": "65207ed2eea4b481ee43122a"
  },
  "maisonedit": "Apress",
  "siteweb": "https://www.apress.com",
  "email": "apress@domain.com"
},
{
  "_id": {
    "$oid": "65207f07eea4b481ee43122d"
  },
  "maisonedit": "DUNOD",
  "siteweb": "https://www.dunod.com",
  "email": "dunod@domain.com"
},
{
  "_id": {
    "$oid": "65207fc3eea4b481ee43122e"
  },
  "maisonedit": "Le MONITEUR",
  "siteweb": "https://www.Moniteur.com",
  "email": "Moniteur@domain.com"
}]